{
        "151": "textOrder(\"嘿！b你就是传闻中的勇者君？\",\"あり\");",
        "398": "textOrder(\"啊～啊b真的死掉了……。\",\"あり\");",
        "411": "textOrder(\"呵呵…b不用那么着急，没关系的。\",\"あり\");",
        "414": "textOrder(\"我会为你准备b最合适的身体！\",\"あり\");",
        "429": "textOrder(\"结局1b～转生后变成淫魔的事情～\",\"なし\");",
        "646": "textOrder(\"嗯～，让你死掉也有点，太可惜了……\",\"あり\");",
        "761": "textOrder(\"结局2b～人偶使者的最爱～\",\"なし\");",
        "881": "textOrder(\"怎么样，勇者君？b快要来了？b快到顶点了吗？\",\"\");",
        "911": "textOrder(\"啊～啊，裤子和内裤b都湿透了呢。\",\"あり\");",
        "923": "textOrder(\"哇…好大的量……。\",\"あり\");",
        "925": "textOrder(\"既然这样，那我就把b这些有效利用一下。\",\"あり\");",
        "927": "textOrder(\"将勇者君的精子和b魔物的卵混合在一起……\",\"あり\");",
        "937": "textOrder(\"呵呵…我是不是天才。\",\"あり\");",
        "950": "textOrder(\"早上好，勇者君b，感觉怎么样？\",\"あり\");",
        "961": "textOrder(\"呜呜呜……。\",\"あり\");",
        "966": "textOrder(\"！？\",\"あり\");",
        "971": "textOrder(\"这是什么？b放开！b我的衣服呢！？\",\"あり\");",
        "977": "textOrder(\"因为碍事所以处理掉了。b你没发现身体上的异变吗？\",\"あり\");",
        "985": "textOrder(\"这是什么……。b肚子里有什么东西在动……。\",\"あり\");",
        "992": "textOrder(\"在你睡觉时，b我把魔物的卵植入了b你的体内。\",\"あり\");",
        "995": "textOrder(\"这是吸取宿主魔力而b成长的卵。\",\"あり\");",
        "1008": "textOrder(\"看吧，好像开始了？\",\"あり\");",
        "1018": "textOrder(\"明白吗？勇者君？\",\"あり\");",
        "1029": "textOrder(\"你曾经为了保护人们免受魔物侵害，而b现在你将成为魔物的温床，b孕育出魔物。\",\"あり\");",
        "1075": "textOrder(\"呵呵…辛苦了\",\"あり\");",
        "1080": "textOrder(\"勇者和魔物之间，b诞生的孩子……\",\"あり\");",
        "1084": "textOrder(\"真期待卵孵化的时刻呢。\",\"あり\");",
        "1097": "textOrder(\"结局5b～魔物的温床～\",\"なし\");",
        "1216": "textOrder(\"呵呵…抓住了。\",\"あり\");",
        "1223": "textOrder(\"嘿，勇者君b，感到兴奋了吗？\",\"あり\");",
        "1226": "textOrder(\"我会把你变成b最棒的艺术品！\",\"なし\");",
        "1242": "textOrder(\"呵呵…b已经一动不动了呢。\",\"あり\");",
        "1254": "textOrder(\"把它连接起来，固定住，b一点一点地改变你的身体和心灵。\",\"あり\");",
        "1264": "textOrder(\"来吧！b重新诞生吧！\",\" \");",
        "1282": "textOrder(\" \",\"あり\");",
        "1288": "textOrder(\"嗯嗯！b真帅！\",\"あり\");",
        "1292": "textOrder(\"你的工作是b守卫大门，b消除入侵者。\",\"あり\");",
        "1295": "textOrder(\"啊，等等……b如果有可爱的女孩，b希望你不杀她，b活捉她。\",\"あり\");",
        "1300": "textOrder(\"那就拜托了，b\"前\"勇者君♪\",\"あり\");",
        "1315": "textOrder(\"结局3b～无言的门卫～\",\"なし\");",
        "1429": "textOrder(\"来吧，脱下衣服吧。\",\"\");",
        "1433": "textOrder(\"呵呵…好色情呢。b然后，我们还得稍微b改变一下姿势。\",\"\");",
        "1437": "textOrder(\"来吧……给我看更可耻的模样。\",\"\");",
        "1520": "textOrder(\"哎呀…b快要到达时居然僵硬了。\",\"あり\");",
        "1529": "textOrder(\"真厉害……b擦掉也擦掉不完，b不停地溢出来……\",\"あり\");",
        "1532": "textOrder(\"太好了，勇者君。b那种快要到达的感觉，b将会永远持续下去。\",\"あり\");",
        "1535": "textOrder(\"不……虽然想要去，但b还是无法到达，b是不是应该叫做生死地狱才对……。\",\"あり\");",
        "1538": "textOrder(\"算了，没关系。b我会把你摆在展览厅最显眼的地方。\",\"あり\");",
        "1541": "textOrder(\"勇者君的羞耻模样……b让大家好好看看吧。\",\"あり\");",
        "1560": "textOrder(\"结局6b～淫乱勇者的浮雕～\",\"なし\");",
        "1694": "textOrder(\"嘿……b打扰你们的战斗真是抱歉……\",\"あり\");",
        "1705": "textOrder(\"竖起来了。\",\"あり\");",
        "1709": "textOrder(\"啊哈，不要躲藏哦。b我更想看你勇者君的羞耻模样呢～。\",\"なし\");",
        "1716": "textOrder(\"哎……b你居然能忍耐住。\",\"あり\");",
        "1735": "textOrder(\"来，勇者君…b给我好好看看你的脸。\",\"あり\");",
        "1746": "textOrder(\"呵呵…b真可爱呢。\",\"あり\");",
        "1763": "textOrder(\"……啊！？\",\"あり\");",
        "1817": "textOrder(\"我喜欢你，勇者君。\",\"あり\");",
        "1832": "textOrder(\"什……！？\",\"あり\");",
        "1836": "textOrder(\"不可能吧…！b因为我们刚才还……b是敌人啊……。\",\"あり\");",
        "1844": "textOrder(\"不是假的。\",\"あり\");",
        "1850": "textOrder(\"来，手放在我的胸口。b我都快跳出来了。\",\"あり\");",
        "1856": "textOrder(\"啊……b啊……啊……。\",\"あり\");",
        "1861": "textOrder(\"呜呜……。b人偶使者大人……\",\"あり\");",
        "1868": "textOrder(\"是帕普。\",\"あり\");",
        "1876": "textOrder(\"帕普大人……b我也……我也……想要……帕普大人……\",\"あり\");",
        "1883": "textOrder(\"呵呵呵…b我明白了。\",\"あり\");",
        "1887": "textOrder(\"要不要在我房间继续呢。\",\"あり\");",
        "1909": "textOrder(\"结局4b～魅惑的魔法～\",\"なし\");",
        "2115": "textOrder(\"（好，时间倒回！）\",\"あり\");",
        "2127": "textOrder(\"嘿，勇者君。b又见面了。\",\"あり\");",
        "2133": "textOrder(\"？？？\",\"あり\");",
        "2140": "textOrder(\"呵呵呵，这是我的事情。\",\"あり\");",
        "2147": "textOrder(\"来，开始吧。\",\"\");",
        "2159": "textOrder(\"（明白了，时间倒回！）\",\"あり\");",
        "2171": "textOrder(\"来，开始吧？\",\"\");",
        "2191": "textOrder(\"嘿，勇者君。b作为淫魔的生活怎么样？\",\"あり\");",
        "2201": "textOrder(\"对我来说，b看你为了食物不顾一切地奔波，b真的很有趣。\",\"あり\");",
        "2207": "textOrder(\"？？？\",\"あり\");",
        "2214": "textOrder(\"唉，跟你说也没什么用啊…。\",\"あり\");",
        "2221": "textOrder(\"那么，这次我们玩什么呢？\",\"\");",
        "2243": "textOrder(\"你好啊，勇者君。b我可爱的玩偶。\",\"あり\");",
        "2253": "textOrder(\"多亏了你，我终于能睡个好觉了。\",\"あり\");",
        "2257": "textOrder(\"唉，虽然最后把它抱得破破烂烂的扔掉了，但总归是被抱过一阵子。\",\"あり\");",
        "2263": "textOrder(\"？？？\",\"あり\");",
        "2270": "textOrder(\"呵呵…你真是可爱呢。\",\"あり\");",
        "2277": "textOrder(\"那么，这次我们玩什么呢？\",\"\");",
        "2300": "textOrder(\"你好啊，勇者君。b当妈妈是什么感觉？\",\"あり\");",
        "2310": "textOrder(\"你生下的蛋里，诞生了既拥有圣魔又强大的新种。\",\"あり\");",
        "2314": "textOrder(\"你被孩子和孙子要求交配和哺乳时，带着陶醉的表情，继续下蛋。\",\"あり\");",
        "2320": "textOrder(\"？？？b到底在说什么？\",\"あり\");",
        "2327": "textOrder(\"呵呵呵…这是另一条世界线的故事。\",\"あり\");",
        "2334": "textOrder(\"那么，这次我们玩什么呢？\",\"\");",
        "2356": "textOrder(\"你好啊，勇者君。b辛苦了。\",\"あり\");",
        "2366": "textOrder(\"你毫不犹豫地残杀了前来帮忙的伙伴，真是太棒了。\",\"あり\");",
        "2372": "textOrder(\"？？？b你到底做了什么…？\",\"あり\");",
        "2379": "textOrder(\"呵呵…b只是一点小预言而已。\",\"あり\");",
        "2386": "textOrder(\"那么，这次我们玩什么呢？\",\"\");",
        "2405": "textOrder(\"你好啊，勇者君。b真是让我怀念啊。b\",\"あり\");",
        "2415": "textOrder(\"大概是你想去也去不了的那种感觉吧，已经过了一百年左右。b突然想起了你，解开了石化，结果…\",\"あり\");",
        "2419": "textOrder(\"不，真的…b太棒了…b真的是…。\",\"あり\");",
        "2425": "textOrder(\"？？？\",\"あり\");",
        "2432": "textOrder(\"呵呵呵…b希望这次能去到另一个世界线。\",\"あり\");",
        "2439": "textOrder(\"那么，这次我们玩什么呢？\",\"\");",
        "2461": "textOrder(\"你好啊，勇者君。b昨晚真是享受啊。\",\"あり\");",
        "2471": "textOrder(\"你真是太专注了，b为我奉献自己，甚至让我感动。\",\"あり\");",
        "2477": "textOrder(\"？？？\",\"あり\");",
        "2484": "textOrder(\"唉，不过b从玩法来看，可能有些普通吧。\",\"あり\");",
        "2491": "textOrder(\"那么，这次我们玩什么呢？\",\"\");"
    }
